{
  "0": {
    "0": [
      0.0,
      0.0
    ],
    "1": [
      9.24026,
      24.55816666666667
    ],
    "2": [
      12.01074,
      30.688333333333333
    ],
    "3": [
      6.29954,
      12.599
    ],
    "4": [
      4.94458,
      11.573333333333332
    ],
    "5": [
      7.86099,
      20.3225
    ],
    "6": [
      13.39428,
      36.392
    ],
    "7": [
      11.1245,
      27.888
    ],
    "8": [
      8.707780000000001,
      17.4155
    ],
    "9": [
      9.19925,
      22.11233333333333
    ],
    "10": [
      10.60794,
      28.63
    ],
    "11": [
      5.1645900000000005,
      10.812333333333331
    ],
    "12": [
      14.73576,
      39.075
    ],
    "13": [
      8.271709999999999,
      21.686833333333333
    ],
    "14": [
      6.45725,
      16.11133333333333
    ]
  },
  "1": {
    "0": [
      9.24026,
      24.55816666666667
    ],
    "1": [
      0.0,
      0.0
    ],
    "2": [
      14.73027,
      42.20516666666666
    ],
    "3": [
      9.01908,
      24.11583333333333
    ],
    "4": [
      4.29652,
      12.987333333333334
    ],
    "5": [
      4.463100000000001,
      13.487166666666669
    ],
    "6": [
      4.364979999999999,
      12.529333333333334
    ],
    "7": [
      13.84403,
      39.404833333333336
    ],
    "8": [
      11.42731,
      28.932333333333336
    ],
    "9": [
      11.91879,
      33.62916666666667
    ],
    "10": [
      1.57864,
      4.767166666666666
    ],
    "11": [
      7.88412,
      22.329166666666666
    ],
    "12": [
      5.70647,
      15.212166666666668
    ],
    "13": [
      3.9483,
      11.942833333333336
    ],
    "14": [
      3.6011,
      10.901166666666668
    ]
  },
  "2": {
    "0": [
      12.01074,
      30.688333333333333
    ],
    "1": [
      14.73027,
      42.20516666666666
    ],
    "2": [
      0.0,
      0.0
    ],
    "3": [
      9.17786,
      25.0225
    ],
    "4": [
      10.4346,
      29.220333333333333
    ],
    "5": [
      13.35101,
      37.9695
    ],
    "6": [
      18.88429,
      54.039
    ],
    "7": [
      1.79384,
      5.3815
    ],
    "8": [
      11.58609,
      29.839
    ],
    "9": [
      2.83001,
      8.631666666666666
    ],
    "10": [
      16.09795,
      46.276833333333336
    ],
    "11": [
      7.81255,
      22.775166666666667
    ],
    "12": [
      20.22578,
      56.722
    ],
    "13": [
      13.76173,
      39.33383333333334
    ],
    "14": [
      11.94726,
      33.75833333333333
    ]
  },
  "3": {
    "0": [
      6.29954,
      12.599
    ],
    "1": [
      9.01908,
      24.11583333333333
    ],
    "2": [
      9.17786,
      25.0225
    ],
    "3": [
      0.0,
      0.0
    ],
    "4": [
      4.7234,
      11.131
    ],
    "5": [
      7.639810000000001,
      19.880166666666664
    ],
    "6": [
      13.1731,
      35.949666666666666
    ],
    "7": [
      8.29161,
      22.222166666666663
    ],
    "8": [
      2.60555,
      5.211166666666667
    ],
    "9": [
      6.36637,
      16.4465
    ],
    "10": [
      10.38675,
      28.1875
    ],
    "11": [
      2.33171,
      5.1466666666666665
    ],
    "12": [
      14.51458,
      38.632666666666665
    ],
    "13": [
      8.05053,
      21.2445
    ],
    "14": [
      6.23606,
      15.669
    ]
  },
  "4": {
    "0": [
      4.94458,
      11.573333333333332
    ],
    "1": [
      4.29652,
      12.987333333333334
    ],
    "2": [
      10.4346,
      29.220333333333333
    ],
    "3": [
      4.7234,
      11.131
    ],
    "4": [
      0.0,
      0.0
    ],
    "5": [
      2.91731,
      8.751833333333334
    ],
    "6": [
      8.45054,
      24.821166666666667
    ],
    "7": [
      9.54835,
      26.42
    ],
    "8": [
      7.13163,
      15.9475
    ],
    "9": [
      7.62311,
      20.644166666666667
    ],
    "10": [
      5.66419,
      17.059
    ],
    "11": [
      3.58845,
      9.344333333333331
    ],
    "12": [
      9.79202,
      27.504166666666663
    ],
    "13": [
      3.32797,
      10.116
    ],
    "14": [
      1.5135,
      4.5405
    ]
  },
  "5": {
    "0": [
      7.86099,
      20.3225
    ],
    "1": [
      4.463100000000001,
      13.487166666666669
    ],
    "2": [
      13.35101,
      37.9695
    ],
    "3": [
      7.639810000000001,
      19.880166666666664
    ],
    "4": [
      2.91731,
      8.751833333333334
    ],
    "5": [
      0.0,
      0.0
    ],
    "6": [
      8.617120000000002,
      25.321
    ],
    "7": [
      12.46476,
      35.16916666666667
    ],
    "8": [
      10.04804,
      24.696666666666665
    ],
    "9": [
      10.53952,
      29.39333333333333
    ],
    "10": [
      5.83078,
      17.558833333333332
    ],
    "11": [
      6.50486,
      18.0935
    ],
    "12": [
      9.9586,
      28.004
    ],
    "13": [
      3.4945500000000003,
      10.615833333333336
    ],
    "14": [
      1.40381,
      4.211333333333333
    ]
  },
  "6": {
    "0": [
      13.39428,
      36.392
    ],
    "1": [
      4.364979999999999,
      12.529333333333334
    ],
    "2": [
      18.88429,
      54.039
    ],
    "3": [
      13.1731,
      35.949666666666666
    ],
    "4": [
      8.45054,
      24.821166666666667
    ],
    "5": [
      8.617120000000002,
      25.321
    ],
    "6": [
      0.0,
      0.0
    ],
    "7": [
      17.99805,
      51.23866666666667
    ],
    "8": [
      15.58133,
      40.76616666666666
    ],
    "9": [
      16.07281,
      45.463
    ],
    "10": [
      2.78634,
      7.762166666666667
    ],
    "11": [
      12.03814,
      34.163000000000004
    ],
    "12": [
      1.34148,
      2.683
    ],
    "13": [
      8.102319999999999,
      23.7765
    ],
    "14": [
      7.75512,
      22.735
    ]
  },
  "7": {
    "0": [
      11.1245,
      27.888
    ],
    "1": [
      13.84403,
      39.404833333333336
    ],
    "2": [
      1.79384,
      5.3815
    ],
    "3": [
      8.29161,
      22.222166666666663
    ],
    "4": [
      9.54835,
      26.42
    ],
    "5": [
      12.46476,
      35.16916666666667
    ],
    "6": [
      17.99805,
      51.23866666666667
    ],
    "7": [
      0.0,
      0.0
    ],
    "8": [
      10.69985,
      27.038666666666664
    ],
    "9": [
      1.94377,
      5.831333333333333
    ],
    "10": [
      15.211709999999998,
      43.4765
    ],
    "11": [
      6.9263,
      19.974833333333333
    ],
    "12": [
      19.33953,
      53.92166666666667
    ],
    "13": [
      12.87548,
      36.5335
    ],
    "14": [
      11.06102,
      30.957833333333333
    ]
  },
  "8": {
    "0": [
      8.707780000000001,
      17.4155
    ],
    "1": [
      11.42731,
      28.932333333333336
    ],
    "2": [
      11.58609,
      29.839
    ],
    "3": [
      2.60555,
      5.211166666666667
    ],
    "4": [
      7.13163,
      15.9475
    ],
    "5": [
      10.04804,
      24.696666666666665
    ],
    "6": [
      15.58133,
      40.76616666666666
    ],
    "7": [
      10.69985,
      27.038666666666664
    ],
    "8": [
      0.0,
      0.0
    ],
    "9": [
      8.7746,
      21.263
    ],
    "10": [
      12.79499,
      33.004
    ],
    "11": [
      4.73994,
      9.963
    ],
    "12": [
      16.922810000000002,
      43.44916666666666
    ],
    "13": [
      10.45876,
      26.061
    ],
    "14": [
      8.6443,
      20.4855
    ]
  },
  "9": {
    "0": [
      9.19925,
      22.11233333333333
    ],
    "1": [
      11.91879,
      33.62916666666667
    ],
    "2": [
      2.83001,
      8.631666666666666
    ],
    "3": [
      6.36637,
      16.4465
    ],
    "4": [
      7.62311,
      20.644166666666667
    ],
    "5": [
      10.53952,
      29.39333333333333
    ],
    "6": [
      16.07281,
      45.463
    ],
    "7": [
      1.94377,
      5.831333333333333
    ],
    "8": [
      8.7746,
      21.263
    ],
    "9": [
      0.0,
      0.0
    ],
    "10": [
      13.28646,
      37.700833333333335
    ],