iteraciones,perturbacion,mejor_costo,peor_costo,promedio_costo,desviacion_costo,promedio_tiempo
500,2,3891450.0,4106400.0,3974750.0,94177.73091341711,1.048916260401408
1000,2,3715650.0,3920550.0,3794250.0,90194.12397711948,2.1290520826975503
1000,3,4032150.0,4307550.0,4168600.0,112445.47567599152,2.0057779947916665
1500,3,3946650.0,4129800.0,4031900.0,75303.81796429714,2.967864672342936
